{
   "entries":
    [
	 
	  {
         "id" : "commisar_uncertainty_neglector",
         "buffs" : 
         [
		  
          "TRINKET_higher_stress_heal_afflicted",
		   "TRINKET_deathblow_resist_afflicted",
		   "TRINKET_higher_crit_virtued",
		 
		   "TRINKET_higher_speed_virtued"
         ],
         "hero_class_requirements":
         [
		 "commisar"
         ],
         "rarity" : "rare",
         "price" : 15000,
         "limit" : 0,
         "origin_dungeon" : ""
      },
	  {
         "id" : "commisar_iron_hand",
         "buffs" : 
         [
           "TRINKET_commisar_move_resist",
		   "TRINKET_commisar_stun_chance",
		   "TRINKET_commisar_ignore_protection"
		   
         ],
         "hero_class_requirements":
         [
		 "commisar"
         ],
         "rarity" : "uncommon",
         "price" : 10000,
         "limit" : 0,
         "origin_dungeon" : ""
      },
	  {
         "id" : "commisar_anti_corrosive_coat",
         "buffs" : 
         [
           "TRINKET_commisar_resistance_poison_massive",
		   "TRINKET_commisar_healing_below_50",   
		   "TRINKET_commisar_max_hp_min_15"
         ],
         "hero_class_requirements":
         [
		 "commisar"
         ],
         "rarity" : "common",
         "price" : 7500,
         "limit" : 0,
         "origin_dungeon" : ""
      },
	  {
         "id" : "commisar_lazer_scope_eye",
         "buffs" : 
         [
		  "TRINKET_commisar_accuracy_ranged_chance",
          "TRINKET_commisar_accuracy_stun_resist",
		  "TRINKET_commisar_firstroundonly_less_speed"
         ],
         "hero_class_requirements":
         [
		     "commisar"
         ],
         "rarity" : "common",
         "price" : 7500,
         "limit" : 0,
         "origin_dungeon" : ""
      },
	  {
         "id" : "commisar_corrosive_chain",
         "buffs" : 
         [
           
		   "TRINKET_commisar_bleed_skill_chance_vs_unholy",
		   "TRINKET_commisar_bleed_skill_chance_vs_eldritch",
		   "TRINKET_dmg_melee_higher_lowbound",
		   "TRINKET_dmg_melee_higher_highbound"
         ],
         "hero_class_requirements":
         [
		  "commisar"
         ],
         "rarity" : "uncommon",
         "price" : 10000,
         "limit" : 0,
         "origin_dungeon" : ""
      }
    ]
}