<?xml version="1.0" encoding="UTF-8"?>
<root>
  <language id="english">
    
	<!-- Class and skill names -->
	
	 <entry id="hero_class_name_commisar"><![CDATA[Commissar]]></entry>
	 
	<entry id="combat_skill_name_commisar_strike_the_heretic"><![CDATA[Purge the Herecy!]]></entry>
    <entry id="combat_skill_name_commisar_shoot_the_heretic"><![CDATA[Shoot The Heretic!]]></entry>
    <entry id="combat_skill_name_commisar_take_cover"><![CDATA[Grenade!!!]]></entry>
    <entry id="combat_skill_name_commisar_warning_shot"><![CDATA[You! Attack!]]></entry>
    <entry id="combat_skill_name_commisar_for_the_emperor"><![CDATA[For The Emperor!]]></entry>
    <entry id="combat_skill_name_commisar_raise_morale"><![CDATA[No Turning Back!]]></entry>
    <entry id="combat_skill_name_commisar_duel"><![CDATA[Slice Through Their Ranks!]]></entry>
    <entry id="combat_skill_name_commisar_move"><![CDATA[Move]]></entry>
	<entry id="upgrade_tree_name_commisar.strike_the_heretic"><![CDATA[Purge the Herecy!]]></entry>
    <entry id="upgrade_tree_name_commisar.shoot_the_heretic"><![CDATA[Shoot The Heretic!]]></entry>
    <entry id="upgrade_tree_name_commisar.take_cover"><![CDATA[Grenade!!!]]></entry>
    <entry id="upgrade_tree_name_commisar.warning_shot"><![CDATA[You! Attack!]]></entry>
    <entry id="upgrade_tree_name_commisar.for_the_emperor"><![CDATA[For The Emperor!]]></entry>
    <entry id="upgrade_tree_name_commisar.raise_morale"><![CDATA[No Turning Back!]]></entry>
    <entry id="upgrade_tree_name_commisar.duel"><![CDATA[Slice Through Their Ranks!]]></entry>

	
	<!-- Weapons, armour and upgrades -->
	<entry id="commisar_weapon_0"><![CDATA[Rusty Sawblade and Damaged Pistol]]></entry>
    <entry id="commisar_weapon_1"><![CDATA[Stock Sawblade and Pistol]]></entry>
    <entry id="commisar_weapon_2"><![CDATA[Sharpened Sawblade and Fine Pistol]]></entry>
    <entry id="commisar_weapon_3"><![CDATA[Bloody Sawblade and Trophey Pistol]]></entry>
    <entry id="commisar_weapon_4"><![CDATA["The Emperor`s Fury" and "The Glory Bringer" ]]></entry>
    <entry id="upgrade_tree_name_commisar.weapon"><![CDATA[Commissar`s Gun and Blade]]></entry>
	
	 <entry id="commisar_armour_0"><![CDATA[Dusty Regalia]]></entry>
    <entry id="commisar_armour_1"><![CDATA[Soldier`s Regalia]]></entry>
    <entry id="commisar_armour_2"><![CDATA[Officer`s Regalia]]></entry>
    <entry id="commisar_armour_3"><![CDATA[War Heroe`s Regalia]]></entry>
    <entry id="commisar_armour_4"><![CDATA["The Fancy Pants"]]></entry>
    <entry id="upgrade_tree_name_commisar.armour"><![CDATA[Commissar`s Regalia]]></entry>
	
	<entry id="action_verbose_body_guild_commisar"><![CDATA[Placeholder for guild ]]></entry>
    <entry id="action_verbose_body_blacksmith_commisar"><![CDATA[Placeholder for blacksmith]]></entry>
	 <entry id="action_verbose_body_camping_trainer_commisar"><![CDATA[Placeholder for camping]]></entry>
	 
	 <!-- Camping -->
	 
	<entry id="camping_skill_name_commisar_prayer"><![CDATA[Pray to the Emperor]]></entry>
    <entry id="camping_skill_name_commisar_final_verdict"><![CDATA[Herecy in our Ranks]]></entry>
    <entry id="camping_skill_name_commisar_stand_watch"><![CDATA[Sleepless duty]]></entry>
    <entry id="camping_skill_name_commisar_patch_up"><![CDATA[Med Kit Mk 2]]></entry>
	
	 <entry id="str_bark_commisar_prayer"><![CDATA[Rest. The Emperor watches over us tonight.]]></entry>
	 <entry id="str_bark_commisar_final_verdict"><![CDATA[What is this?! A smell vile scent of herecy!!!]]></entry>
	 <entry id="str_bark_commisar_commisar_stand_watch"><![CDATA[No one should be trusted, but a gun and a blade.]]></entry>
	 <entry id="str_bark_commisar_commisar_patch_up"><![CDATA[You. Come. Your death will not benefit us now.]]></entry>
	 
	  <entry id="str_inventory_title_trinketcommisar_uncertainty_neglector"><![CDATA[Uncertainty Neutralizer.]]></entry>
	  	  <entry id="str_inventory_title_trinketcommisar_iron_hand"><![CDATA[Cadian Iron Fist.]]></entry>
		  <entry id="str_inventory_title_trinketcommisar_anti_corrosive_coat"><![CDATA[Anti-Corrosive Coat.]]></entry>
		    <entry id="str_inventory_title_trinketcommisar_lazer_scope_eye"><![CDATA[Lazer Scope Eye.]]></entry>
	        <entry id="str_inventory_title_trinketcommisar_corrosive_chain"><![CDATA[Corrosive Chain.]]></entry>
			
  </language>
  <language id="french">
 
  </language>
  <language id="german">
   
  </language>
  <language id="spanish">
   
  </language>
  <language id="brazilian">
   
  </language>
  <language id="russian">
   
  </language>
  <language id="polish">
   
  </language>
  <language id="czech">
   
  </language>
  <language id="italian">
   
  </language>
  <language id="schinese">
    
  </language>
  <language id="koreana">
   
  </language>
</root>

