{
	"configuration" : 
	{
        "class_specific_number_of_classes_threshold" :  4
	},

	"skills" :
	[
		{

			"id" : "encourage",
			"level" : 0,
			"cost" : 2,
			"use_limit" : 1,
			"effects" : 
			[
				{ 
					"selection" : "individual",
					"requirements" : [],
					"chance" : { "code" : "a", "amount": 1.0 },
                    "type": "stress_heal_amount",
                    "sub_type" : "",
					"amount" :  15
				}							
			],
			"hero_classes" : ["commisar"],
			"upgrade_requirements" :  	
			[
				{
					"code" : "0",
					"currency_cost" :			
					[
						{ "type" : "gold", "amount" : 1750 }
					],
					"prerequisite_requirements" :
					[
						
					]
				}
			]
		},

		

		{
			"id" : "pep_talk",
			"level" : 0,
			"cost" : 2,
			"use_limit" : 1,
			"effects" : 
			[
				{ 
					"selection" : "individual",
					"requirements" : [],
					"chance" : { "code" : "a", "amount": 1.0 }, 
					"type" : "buff",
					"sub_type" : "campingStressResistBuff",
					"amount" :  -0.15
				}
			],
			"hero_classes" : ["seraph"],
			"upgrade_requirements" :  	
			[
				{
					"code" : "0",
					"currency_cost" :			
					[
						{ "type" : "gold", "amount" : 1750 }
					],
					"prerequisite_requirements" :
					[
						
					]
				}
			]
		},
		{ 
			"id" : "commisar_prayer",
			"level" : 0,
			"cost" : 3,
			"use_limit" : 1,
			"effects" :
			[
				{ 
					"selection" : "party",
					"requirements" : ["religious"],
					"chance" : { "code" : "a", "amount": 1.0 },
                    "type": "stress_heal_amount",
                    "sub_type" : "",
					"amount" :  30
				},
				{ 
					"selection" : "party",
					"requirements" : ["not_religious"],
					"chance" : { "code" : "b", "amount": 1.0 },
                    "type": "stress_damage_amount",
                    "sub_type" : "",
					"amount" :  15
				},
				{ 
					"selection" : "party",
					"requirements" : [],
					"chance" : { "code" : "c", "amount": 1.0 }, 
					"type" : "buff",
					"sub_type" : "commisar_camping_armorbreak_vs_unholy_buff",
					"amount" :  0.33
				},
				{ 
					"selection" : "party",
					"requirements" : ["religious"],
					"chance" : { "code" : "d", "amount": 1.0 }, 
					"type" : "buff",
					"sub_type" : "commisar_camping_less_stress_buff_religious",
					"amount" :  -0.2
				},
				{ 
					"selection" : "party",
					"requirements" : ["afflicted"],
					"chance" : { "code" : "e", "amount": 1.0 }, 
					"type" : "stress_heal_amount",
					"sub_type" : "commisar_camping_more_stress_buff_nonreligious",
					"amount" :  20
				}
			],
			"hero_classes" : ["commisar"],
			"upgrade_requirements" :  	
			[
				{
					"code" : "0",
					"currency_cost" :			
					[
						{ "type" : "gold", "amount" : 1750 }
					],
					"prerequisite_requirements" :
					[
						
					]
				}
			] 
		},
		{ 
			"id" : "commisar_final_verdict",
			"level" : 0,
			"cost" : 4,
			"use_limit" : 1,
			"effects" :
			[
				{ 
					"selection" : "individual",
					"requirements" : ["religious"],
					"chance" : { "code" : "a", "amount": 1.0 },
                    "type": "health_heal_max_health_percent",
                    "sub_type" : "",
					"amount" :  0.35
				},
				{ 
					"selection" : "individual",
					"requirements" : ["not_religious"],
					"chance" : { "code" : "b", "amount": 1.0 },
                    "type": "health_damage_max_health_percent",
                    "sub_type" : "",
					"amount" :  0.15
				},
				{ 
					"selection" : "individual",
					"requirements" : [],
					"chance" : { "code" : "c", "amount": 1.0 },
                    "type": "remove_deaths_door_recovery_buffs",
                    "sub_type" : "",
					"amount" :  0
				},
				
				{ 
					"selection" : "party",
					"requirements" : [],
					"chance" : { "code" : "e", "amount": 1.0 }, 
					"type" : "buff",
					"sub_type" : "commisar_camping_prot_vs_eldritch_buff",
					"amount" :  0.20
				},
				{ 
					"selection" : "party",
					"requirements" : [],
					"chance" : { "code" : "f", "amount": 1.0 }, 
					"type" : "buff",
					"sub_type" : "commisar_camping_crit_vs_eldritch_buff",
					"amount" :  0.10
				}
				
				
			],
			"hero_classes" : ["commisar"],
			"upgrade_requirements" :  	
			[
				{
					"code" : "0",
					"currency_cost" :			
					[
						{ "type" : "gold", "amount" : 1750 }
					],
					"prerequisite_requirements" :
					[
						
					]
				}
			] 
		},
		{ 
			"id" : "commisar_patch_up",
			"level" : 0,
			"cost" : 2,
			"use_limit" : 2,
			"effects" :
			[
				
				{ 
					"selection" : "individual",
					"requirements" : [],
					"chance" : { "code" : "a", "amount": 1.0 },
                    "type": "health_heal_max_health_percent",
                    "sub_type" : "",
					"amount" :  0.1
				},
				{ 
					"selection" : "individual",
					"requirements" : [],
					"chance" : { "code" : "b", "amount": 1.0 },
                    "type": "remove_disease",
                    "sub_type" : "",
					"amount" :  0
				},
				{ 
					"selection" : "individual",
					"requirements" : [],
					"chance" : { "code" : "c", "amount": 1.0 },
                    "type": "remove_bleeding",
                    "sub_type" : "",
					"amount" :  0
				},
				{
					"selection" : "individual",
					"requirements" : [],
					"chance" : { "code" : "d", "amount": 1.0 },
                    "type": "remove_poison",
                    "sub_type" : "",
					"amount" :  0
				}
			],
			"hero_classes" : ["commisar"],
			"upgrade_requirements" :  	
			[
				{
					"code" : "0",
					"currency_cost" :			
					[
						{ "type" : "gold", "amount" : 1750 }
					],
					"prerequisite_requirements" :
					[
						
					]
				}
			] 
		},
		{ 
			"id" : "commisar_stand_watch",
			"level" : 0,
			"cost" : 4,
			"use_limit" : 1,
			"effects" :
			[
				{
					"selection" : "self",
					"requirements" : [],
					"chance" : { "code" : "a", "amount": 1.0 },
                    "type": "reduce_ambush_chance",
                    "sub_type" : "",
					"amount" : 1.0
				},
				{ 
					"selection" : "self",
					"requirements" : [],
					"chance" : { "code" : "b", "amount": 1.0 }, 
					"type" : "buff",
					"sub_type" : "campingPROTBuff",
					"amount" :  0.15
				},
				{
					"selection" : "party_other",
					"requirements" : ["has_deaths_door_recovery_buffs"],
					"chance" : { "code" : "c", "amount": 1.0 },
                    "type": "buff",
                    "sub_type" : "campingStressResistBuff",
					"amount" : -0.20
				},
				{
					"selection" : "party_other",
					"requirements" : ["has_deaths_door_recovery_buffs"],
					"chance" : { "code" : "d", "amount": 1.0 },
                    "type": "stress_heal_amount",
                    "sub_type" : "",
					"amount" : 20
				}
			],
			"hero_classes" : ["commisar"],
			"upgrade_requirements" :  	
			[
				{
					"code" : "0",
					"currency_cost" :			
					[
						{ "type" : "gold", "amount" : 1750 }
					],
					"prerequisite_requirements" :
					[
						
					]
				}
			] 
		}
	] 
}