{
   "buffs":
   [
      {
         "id" : "on_crit_commisar_resolve",
         "stat_type" : "resolve_check_percent",
         "stat_sub_type" : "",
		 "duration" : 3,
         "amount" : 0.25,
         "remove_if_not_active" : false,
         "rule_type" : "always",
         "is_false_rule" : false,
         "rule_data" : {
            "float" : 0,
            "string" : ""
         }
      },
	   {
         "id" : "on_crit_commisar_crit",
         "stat_type" : "combat_stat_add",
         "stat_sub_type" : "crit_chance",
         "amount" : 0.10,
         "duration" : 3,
         "remove_if_not_active" : false,
         "rule_type" : "always",
         "is_false_rule" : false,
         "rule_data" : {
            "float" : 0,
            "string" : ""
         }
      },
	   {
         "id" : "on_crit_commisar_bleed_skill_chance",
         "stat_type" : "bleed_chance",
         "stat_sub_type" : "",
         "amount" : 0.15,
         "duration" : 2,
         "remove_if_not_active" : false,
         "rule_type" : "always",
         "is_false_rule" : false,
         "rule_data" : {
            "float" : 0,
            "string" : ""
         }
      },
	  {
         "id" : "on_crit_commisar_stun_resist",
         "stat_type" : "resistance",
         "stat_sub_type" : "stun",
         "amount" : 0.33,
         "duration" : 2,
         "remove_if_not_active" : false,
         "rule_type" : "meleeonly",
         "is_false_rule" : false,
         "rule_data" : {
            "float" : 0,
            "string" : ""
         }
      },
	   {
         "id" : "on_crit_commisar_dodge_low_hp",
         "stat_type" : "combat_stat_add",
         "stat_sub_type" : "defense_rating",
         "amount" : 0.35,
         "duration" : 2,
         "remove_if_not_active" : false,
         "rule_type" : "hpbelow",
         "is_false_rule" : false,
         "rule_data" : {
            "float" : 0.25,
            "string" : ""
         }
      },
	  {
         "id" : "commisar_bleed_debuff_1",
         "stat_type" : "resistance",
         "stat_sub_type" : "bleed",
         "amount" : -0.10,
         "remove_if_not_active" : false,
         "rule_type" : "always",
         "is_false_rule" : false,
         "rule_data" : {
            "float" : 0,
            "string" : ""
         }
      },
	   {
         "id" : "commisar_bleed_debuff_2",
         "stat_type" : "resistance",
         "stat_sub_type" : "bleed",
         "amount" : -0.15,
         "remove_if_not_active" : false,
         "rule_type" : "always",
         "is_false_rule" : false,
         "rule_data" : {
            "float" : 0,
            "string" : ""
         }
      },
	  {
         "id" : "commisar_bleed_debuff_3",
         "stat_type" : "resistance",
         "stat_sub_type" : "bleed",
         "amount" : -0.2,
         "remove_if_not_active" : false,
         "rule_type" : "always",
         "is_false_rule" : false,
         "rule_data" : {
            "float" : 0,
            "string" : ""
         }
      },
	  {
         "id" : "commisar_bleed_debuff_4",
         "stat_type" : "resistance",
         "stat_sub_type" : "bleed",
         "amount" : -0.25,
         "remove_if_not_active" : false,
         "rule_type" : "always",
         "is_false_rule" : false,
         "rule_data" : {
            "float" : 0,
            "string" : ""
         }
      },
	  {
         "id" : "commisar_bleed_debuff_5",
         "stat_type" : "resistance",
         "stat_sub_type" : "bleed",
         "amount" : -0.3,
         "remove_if_not_active" : false,
         "rule_type" : "always",
         "is_false_rule" : false,
         "rule_data" : {
            "float" : 0,
            "string" : ""
         }
      },
	  {
         "id" : "commisar_accuracy_debuff_1",
         "stat_type" : "combat_stat_add",
         "stat_sub_type" : "attack_rating",
         "amount" : -0.05,
         "remove_if_not_active" : false,
         "rule_type" : "always",
         "is_false_rule" : false,
         "rule_data" : {
            "float" : 0,
            "string" : ""
         }
      },
	  
	  {
         "id" : "commisar_stun_vs_eldrich_buff_1",
         "stat_type" : "stun_chance",
         "stat_sub_type" : "",
         "amount" : 0.2,
		 "duration" : 2,
         "remove_if_not_active" : true,
         "rule_type" : "monsterType",
         "is_false_rule" : false,
         "rule_data" : {
            "float" : 0,
            "string" : "eldritch"
         }
      },
	  {
         "id" : "commisar_bleed_vs_eldrich_buff_1",
         "stat_type" : "bleed_chance",
         "stat_sub_type" : "",
         "amount" : 0.4,
		 "duration" : 2,
         "remove_if_not_active" : false,
         "rule_type" : "monsterType",
         "is_false_rule" : false,
         "rule_data" : {
            "float" : 0,
            "string" : "eldritch"
         }
      },
	  
	  {
         "id" : "commisar_raisemorale_movebuff_1",
         "stat_type" : "resistance",
         "stat_sub_type" : "move",
         "amount" : 0.25,
         "remove_if_not_active" : false,
         "rule_type" : "always",
         "is_false_rule" : false,
         "rule_data" : {
            "float" : 0,
            "string" : ""
         }
      },
	   {
         "id" : "commisar_raisemorale_movebuff_2",
         "stat_type" : "resistance",
         "stat_sub_type" : "move",
         "amount" : 0.30,
         "remove_if_not_active" : false,
         "rule_type" : "always",
         "is_false_rule" : false,
         "rule_data" : {
            "float" : 0,
            "string" : ""
         }
      },
	  {
         "id" : "commisar_raisemorale_movebuff_3",
         "stat_type" : "resistance",
         "stat_sub_type" : "move",
         "amount" : 0.35,
         "remove_if_not_active" : false,
         "rule_type" : "always",
         "is_false_rule" : false,
         "rule_data" : {
            "float" : 0,
            "string" : ""
         }
      },
	  {
         "id" : "commisar_raisemorale_movebuff_4",
         "stat_type" : "resistance",
         "stat_sub_type" : "move",
         "amount" : 0.40,
         "remove_if_not_active" : false,
         "rule_type" : "always",
         "is_false_rule" : false,
         "rule_data" : {
            "float" : 0,
            "string" : ""
         }
      },
	  {
         "id" : "commisar_raisemorale_movebuff_5",
         "stat_type" : "resistance",
         "stat_sub_type" : "move",
         "amount" : 0.50,
         "remove_if_not_active" : false,
         "rule_type" : "always",
         "is_false_rule" : false,
         "rule_data" : {
            "float" : 0,
            "string" : ""
         }
      },
	  {
         "id" : "commisar_raisemorale_stunbuff_1",
         "stat_type" : "resistance",
         "stat_sub_type" : "stun",
         "amount" : 0.25,
         "remove_if_not_active" : false,
         "rule_type" : "always",
         "is_false_rule" : false,
         "rule_data" : {
            "float" : 0,
            "string" : ""
         }
      },
	  {
         "id" : "commisar_raisemorale_stunbuff_2",
         "stat_type" : "resistance",
         "stat_sub_type" : "stun",
         "amount" : 0.3,
         "remove_if_not_active" : false,
         "rule_type" : "always",
         "is_false_rule" : false,
         "rule_data" : {
            "float" : 0,
            "string" : ""
         }
      },
	  {
         "id" : "commisar_raisemorale_stunbuff_3",
         "stat_type" : "resistance",
         "stat_sub_type" : "stun",
         "amount" : 0.35,
         "remove_if_not_active" : false,
         "rule_type" : "always",
         "is_false_rule" : false,
         "rule_data" : {
            "float" : 0,
            "string" : ""
         }
      },
	  {
         "id" : "commisar_raisemorale_stunbuff_4",
         "stat_type" : "resistance",
         "stat_sub_type" : "stun",
         "amount" : 0.4,
         "remove_if_not_active" : false,
         "rule_type" : "always",
         "is_false_rule" : false,
         "rule_data" : {
            "float" : 0,
            "string" : ""
         }
      },
	  {
         "id" : "commisar_raisemorale_stunbuff_5",
         "stat_type" : "resistance",
         "stat_sub_type" : "stun",
         "amount" : 0.5,
         "remove_if_not_active" : false,
         "rule_type" : "always",
         "is_false_rule" : false,
         "rule_data" : {
            "float" : 0,
            "string" : ""
         }
      },
	  {
         "id" : "commisar_raisemorale_deathblowbuff_1",
         "stat_type" : "resistance",
         "stat_sub_type" : "death_blow",
         "amount" : 0.20,
         "remove_if_not_active" : false,
         "rule_type" : "always",
         "is_false_rule" : false,
         "rule_data" : {
            "float" : 0,
            "string" : ""
         }
      },
	   {
         "id" : "commisar_raisemorale_deathblowbuff_2",
         "stat_type" : "resistance",
         "stat_sub_type" : "death_blow",
         "amount" : 0.22,
         "remove_if_not_active" : false,
         "rule_type" : "always",
         "is_false_rule" : false,
         "rule_data" : {
            "float" : 0,
            "string" : ""
         }
      },
	    {
         "id" : "commisar_raisemorale_deathblowbuff_3",
         "stat_type" : "resistance",
         "stat_sub_type" : "death_blow",
         "amount" : 0.24,
         "remove_if_not_active" : false,
         "rule_type" : "always",
         "is_false_rule" : false,
         "rule_data" : {
            "float" : 0,
            "string" : ""
         }
      },
	    {
         "id" : "commisar_raisemorale_deathblowbuff_4",
         "stat_type" : "resistance",
         "stat_sub_type" : "death_blow",
         "amount" : 0.26,
         "remove_if_not_active" : false,
         "rule_type" : "always",
         "is_false_rule" : false,
         "rule_data" : {
            "float" : 0,
            "string" : ""
         }
      },
	    {
         "id" : "commisar_raisemorale_deathblowbuff_5",
         "stat_type" : "resistance",
         "stat_sub_type" : "death_blow",
         "amount" : 0.30,
         "remove_if_not_active" : false,
         "rule_type" : "always",
         "is_false_rule" : false,
         "rule_data" : {
            "float" : 0,
            "string" : ""
         }
      },
	  
	  {
         "id" : "commisar_raisemorale_damagebuff_1",
         "stat_type" : "combat_stat_multiply",
         "stat_sub_type" : "damage_low",
         "amount" : 0.20,
         "remove_if_not_active" : false,
         "rule_type" : "always",
         "is_false_rule" : false,
         "rule_data" : {
            "float" : 0,
            "string" : ""
         }
      },
	  {
         "id" : "commisar_raisemorale_protbuff_1",
         "stat_type" : "combat_stat_add",
         "stat_sub_type" : "protection_rating",
         "amount" : 0.1,
         "remove_if_not_active" : false,
         "rule_type" : "monsterType",
         "is_false_rule" : false,
         "rule_data" : {
            "float" : 0,
            "string" : "eldritch"
         }
      },
	    {
         "id" : "commisar_raisemorale_protbuff_2",
         "stat_type" : "combat_stat_add",
         "stat_sub_type" : "protection_rating",
         "amount" : 0.15,
         "remove_if_not_active" : false,
         "rule_type" : "monsterType",
         "is_false_rule" : false,
         "rule_data" : {
            "float" : 0,
            "string" : "eldritch"
         }
      },
	  {
         "id" : "commisar_raisemorale_lessstressbuff_1",
         "stat_type" : "stress_dmg_received_percent",
         "stat_sub_type" : "",
         "amount" : -0.15,
         "remove_if_not_active" : false,
         "rule_type" : "monsterType",
         "is_false_rule" : false,
         "rule_data" : {
            "float" : 0,
            "string" : "eldritch"
         }
      },
	   {
         "id" : "commisar_raisemorale_lessstressbuff_2",
         "stat_type" : "stress_dmg_received_percent",
         "stat_sub_type" : "",
         "amount" : -0.2,
         "remove_if_not_active" : false,
         "rule_type" : "monsterType",
         "is_false_rule" : false,
         "rule_data" : {
            "float" : 0,
            "string" : "eldritch"
         }
      },
	 {
         "id" : "commisar_camping_armorbreak_vs_unholy_buff",
         "stat_type" : "ignore_protection",
         "stat_sub_type" : "",
         "amount" : 0.33,
         "duration_type" : "combat_end",
         "duration" : 4,
         "remove_if_not_active" : false,
         "rule_type" : "monsterType",
         "is_false_rule" : false,
         "rule_data" : {
            "float" : 0,
            "string" : "unholy"
         }
	  },
	  {
         "id" : "commisar_camping_less_stress_buff_religious",
         "stat_type" : "stress_dmg_received_percent",
         "stat_sub_type" : "",
         "amount" : -0.2,
		  "duration_type" : "combat_end",
         "duration" : 4,
         "remove_if_not_active" : false,
         "rule_type" : "always",
         "is_false_rule" : false,
         "rule_data" : {
            "float" : 0,
            "string" : ""
         }
      },
	  {
         "id" : "commisar_camping_more_stress_buff_nonreligious",
         "stat_type" : "stress_dmg_received_percent",
         "stat_sub_type" : "",
         "amount" : 0.10,
		  "duration_type" : "combat_end",
         "duration" : 4,
         "remove_if_not_active" : false,
         "rule_type" : "always",
         "is_false_rule" : false,
         "rule_data" : {
            "float" : 0,
            "string" : ""
         }
      },
	   {
         "id" : "commisar_camping_crit_vs_eldritch_buff",
         "stat_type" : "combat_stat_add",
         "stat_sub_type" : "crit_chance",
         "amount" : 0.10,
         "duration_type" : "combat_end",
         "duration" : 4,
         "remove_if_not_active" : false,
         "rule_type" : "monsterType",
         "is_false_rule" : false,
         "rule_data" : {
            "float" : 0,
            "string" : "eldritch"
         }
	  },
	   {
         "id" : "commisar_camping_prot_vs_eldritch_buff",
         "stat_type" : "combat_stat_add",
         "stat_sub_type" : "protection_rating",
         "amount" : 0.20,
         "duration_type" : "combat_end",
         "duration" : 4,
         "remove_if_not_active" : false,
         "rule_type" : "monsterType",
         "is_false_rule" : false,
         "rule_data" : {
            "float" : 0,
            "string" : "eldritch"
         }
	  },
	  {
         "id" : "TRINKET_commisar_bleed_skill_chance_vs_eldritch",
         "stat_type" : "bleed_chance",
         "stat_sub_type" : "",
         "amount" : 0.35,
         "remove_if_not_active" : false,
         "rule_type" : "monsterType",
         "is_false_rule" : false,
         "rule_data" : {
            "float" : 0,
            "string" : "eldritch"
         }
      },
	  {
         "id" : "TRINKET_commisar_bleed_skill_chance_vs_unholy",
         "stat_type" : "bleed_chance",
         "stat_sub_type" : "",
         "amount" : 1.00,
         "remove_if_not_active" : false,
         "rule_type" : "monsterType",
         "is_false_rule" : false,
         "rule_data" : {
            "float" : 0,
            "string" : "unholy"
         }
      },
	  {
         "id" : "TRINKET_commisar_crit_melee_chance",
         "stat_type" : "combat_stat_add",
         "stat_sub_type" : "crit_chance",
         "amount" : -0.05,
         "remove_if_not_active" : false,
         "rule_type" : "meleeonly",
         "is_false_rule" : false,
         "rule_data" : {
            "float" : 0,
            "string" : ""
         }
      },
	  {
         "id" : "TRINKET_commisar_accuracy_melee_chance",
         "stat_type" : "combat_stat_add",
         "stat_sub_type" : "attack_rating",
         "amount" : -0.05,
         "remove_if_not_active" : false,
         "rule_type" : "meleeonly",
         "is_false_rule" : false,
         "rule_data" : {
            "float" : 0,
            "string" : ""
         }
      },
	   {
         "id" : "TRINKET_commisar_accuracy_ranged_chance",
         "stat_type" : "combat_stat_add",
         "stat_sub_type" : "attack_rating",
         "amount" : 0.10,
         "remove_if_not_active" : false,
         "rule_type" : "rangedonly",
         "is_false_rule" : false,
         "rule_data" : {
            "float" : 0,
            "string" : ""
         }
      },
	  {
         "id" : "TRINKET_commisar_accuracy_stun_resist",
         "stat_type" : "resistance",
         "stat_sub_type" : "stun",
         "amount" : 0.15,
         "remove_if_not_active" : false,
         "rule_type" : "rangedonly",
         "is_false_rule" : false,
         "rule_data" : {
            "float" : 0,
            "string" : ""
         }
      },
	   {
         "id" : "TRINKET_commisar_firstroundonly_less_speed",
         "stat_type" : "combat_stat_add",
         "stat_sub_type" : "speed_rating",
         "amount" : 10,
         "remove_if_not_active" : false,
         "rule_type" : "firstroundonly",
         "is_false_rule" : false,
         "rule_data" : {
            "float" : 0,
            "string" : ""
         }
      },
     
	   {
         "id" : "TRINKET_commisar_resistance_poison_massive",
         "stat_type" : "resistance",
         "stat_sub_type" : "poison",
         "amount" : 0.3,
         "remove_if_not_active" : false,
         "rule_type" : "always",
         "is_false_rule" : false,
         "rule_data" : {
            "float" : 0,
            "string" : ""
         }
      },
	  {
         "id" : "TRINKET_commisar_healing_below_50",
         "stat_type" : "hp_heal_received_percent",
         "stat_sub_type" : "",
         "amount" : 0.2,
         "remove_if_not_active" : false,
         "rule_type" : "hpbelow",
         "is_false_rule" : false,
         "rule_data" : {
            "float" : 0.5,
            "string" : ""
         }
      },
	  {
         "id" : "TRINKET_commisar_max_hp_min_15",
         "stat_type" : "combat_stat_multiply",
         "stat_sub_type" : "max_hp",
         "amount" : 0.15,
         "remove_if_not_active" : false,
         "rule_type" : "always",
         "is_false_rule" : false,
         "rule_data" : {
            "float" : 0,
            "string" : ""
         }
      },
	  {
         "id" : "TRINKET_commisar_move_resist",
         "stat_type" : "resistance",
         "stat_sub_type" : "move",
         "amount" : 0.3,
         "remove_if_not_active" : false,
         "rule_type" : "always",
         "is_false_rule" : false,
         "rule_data" : {
            "float" : 0,
            "string" : ""
         }
      },
	  {
         "id" : "TRINKET_commisar_stun_chance",
         "stat_type" : "stun_chance",
         "stat_sub_type" : "",
         "amount" : 0.3,
         "remove_if_not_active" : false,
         "rule_type" : "always",
         "is_false_rule" : false,
         "rule_data" : {
            "float" : 0,
            "string" : ""
         }
      },
	  {
         "id" : "TRINKET_commisar_ignore_protection",
         "stat_type" : "ignore_protection",
         "stat_sub_type" : "",
         "amount" : 0.25,
         "remove_if_not_active" : false,
         "rule_type" : "always",
         "is_false_rule" : false,
         "rule_data" : {
            "float" : 0,
            "string" : ""
         }
      },
	  {
         "id" : "TRINKET_protection_rating_little",
         "stat_type" : "combat_stat_add",
         "stat_sub_type" : "protection_rating",
         "amount" : 0.2,
         "remove_if_not_active" : false,
         "rule_type" : "always",
         "is_false_rule" : false,
         "rule_data" : {
            "float" : 0,
            "string" : ""
         }
      },
	  {
         "id" : "TRINKET_dodge_rating_little",
         "stat_type" : "combat_stat_add",
         "stat_sub_type" : "defense_rating",
         "amount" : -0.15,
         "remove_if_not_active" : false,
         "rule_type" : "always",
         "is_false_rule" : false,
         "rule_data" : {
            "float" : 0,
            "string" : ""
         }
      },
	  {
         "id" : "TRINKET_speed_rating_lower",
         "stat_type" : "combat_stat_add",
         "stat_sub_type" : "speed_rating",
         "amount" : -2,
         "remove_if_not_active" : false,
         "rule_type" : "always",
         "is_false_rule" : false,
         "rule_data" : {
            "float" : 0,
            "string" : ""
         }
      },
	  {
         "id" : "TRINKET_dmg_melee_higher_lowbound",
         "stat_type" : "combat_stat_multiply",
         "stat_sub_type" : "damage_low",
         "amount" : 0.15,
         "remove_if_not_active" : false,
         "rule_type" : "meleeonly",
         "is_false_rule" : false,
         "rule_data" : {
            "float" : 0,
            "string" : ""
         }
      },
	  {
         "id" : "TRINKET_dmg_melee_higher_highbound",
         "stat_type" : "combat_stat_multiply",
         "stat_sub_type" : "damage_high",
         "amount" : 0.15,
         "remove_if_not_active" : false,
         "rule_type" : "meleeonly",
         "is_false_rule" : false,
         "rule_data" : {
            "float" : 0,
            "string" : ""
         }
      },
	  {
         "id" : "TRINKET_lower_stress_afflicted",
         "stat_type" : "stress_dmg_received_percent",
         "stat_sub_type" : "",
         "amount" : -0.25,
         "remove_if_not_active" : false,
         "rule_type" : "afflicted",
         "is_false_rule" : false,
         "rule_data" : {
            "float" : 0,
            "string" : ""
         }
      },
	  {
         "id" : "TRINKET_higher_stress_heal_afflicted",
         "stat_type" : "stress_heal_received_percent",
         "stat_sub_type" : "",
         "amount" : 0.25,
         "remove_if_not_active" : false,
         "rule_type" : "afflicted",
         "is_false_rule" : false,
         "rule_data" : {
            "float" : 0,
            "string" : ""
         }
      },
	  {
         "id" : "TRINKET_deathblow_resist_afflicted",
         "stat_type" : "resistance",
         "stat_sub_type" : "death_blow",
         "amount" : 0.1,
         "remove_if_not_active" : false,
         "rule_type" : "afflicted",
         "is_false_rule" : false,
         "rule_data" : {
            "float" : 0,
            "string" : ""
         }
      },
	  {
         "id" : "TRINKET_higher_crit_virtued",
         "stat_type" : "combat_stat_add",
         "stat_sub_type" : "crit_chance",
         "amount" : 0.1,
         "remove_if_not_active" : false,
         "rule_type" : "virtued",
         "is_false_rule" : false,
         "rule_data" : {
            "float" : 0,
            "string" : ""
         }
      },
	  {
         "id" : "TRINKET_higher_accuracy_virtued",
         "stat_type" : "combat_stat_add",
         "stat_sub_type" : "attack_rating",
         "amount" : 0.2,
         "remove_if_not_active" : false,
         "rule_type" : "virtued",
         "is_false_rule" : false,
         "rule_data" : {
            "float" : 0,
            "string" : ""
         }
      },
	  {
         "id" : "TRINKET_higher_speed_virtued",
         "stat_type" : "combat_stat_add",
         "stat_sub_type" : "speed_rating",
         "amount" : 6,
         "remove_if_not_active" : false,
         "rule_type" : "virtued",
         "is_false_rule" : false,
         "rule_data" : {
            "float" : 0,
            "string" : ""
         }
      }
   ]
}
