{
   "trees":
   [
      {
         "id" : "commisar.weapon",
         "is_instanced" : true,
         "tags" : ["weapon", "first_level_not_upgrade"],
         "requirements" : 
         [
            {
               "code" : "0",
               "currency_cost" : 
               [
                  { "type" : "gold", "amount" : 750 }
               ],
               "prerequisite_requirements" :
               [
                  { "tree_id" : "blacksmith.weapon", "requirement_code" : "a" }
               ],
               "prerequisite_resolve_level" : 1
            },
            {
               "code" : "1",
               "currency_cost" : 
               [
                  { "type" : "gold", "amount" : 1750 }
               ],
               "prerequisite_requirements" :
               [
                  { "tree_id" : "commisar.weapon", "requirement_code" : "0" },
                  { "tree_id" : "blacksmith.weapon", "requirement_code" : "b" }
               ],
               "prerequisite_resolve_level" : 2
            },
            {
               "code" : "2",
               "currency_cost" : 
               [
                  { "type" : "gold", "amount" : 3000 }
               ],
               "prerequisite_requirements" :
               [
                  { "tree_id" : "commisar.weapon", "requirement_code" : "1" },
                  { "tree_id" : "blacksmith.weapon", "requirement_code" : "c" }
               ],
               "prerequisite_resolve_level" : 3
            },
            {
               "code" : "3",
               "currency_cost" : 
               [
                  { "type" : "gold", "amount" : 6000 }
               ],
               "prerequisite_requirements" :
               [
                  { "tree_id" : "commisar.weapon", "requirement_code" : "2" },
                  { "tree_id" : "blacksmith.weapon", "requirement_code" : "d" }
               ],
               "prerequisite_resolve_level" : 5
            }
         ]
      },
      {
         "id" : "commisar.armour",
         "is_instanced" : true,
         "tags" : ["armour", "first_level_not_upgrade"],
         "requirements" : 
         [
            {
               "code" : "0",
               "currency_cost" : 
               [
                  { "type" : "gold", "amount" : 750 }
               ],
               "prerequisite_requirements" :
               [
                  { "tree_id" : "blacksmith.armour", "requirement_code" : "a" }
               ],
               "prerequisite_resolve_level" : 1
            },
            {
               "code" : "1",
               "currency_cost" : 
               [
                  { "type" : "gold", "amount" : 1750 }
               ],
               "prerequisite_requirements" :
               [
                  { "tree_id" : "commisar.armour", "requirement_code" : "0" },
                  { "tree_id" : "blacksmith.armour", "requirement_code" : "b" }
               ],
               "prerequisite_resolve_level" : 2
            },
            {
               "code" : "2",
               "currency_cost" : 
               [
                  { "type" : "gold", "amount" : 3000 }
               ],
               "prerequisite_requirements" :
               [
                  { "tree_id" : "commisar.armour", "requirement_code" : "1" },
                  { "tree_id" : "blacksmith.armour", "requirement_code" : "c" }
               ],
               "prerequisite_resolve_level" : 3
            },
            {
               "code" : "3",
               "currency_cost" : 
               [
                  { "type" : "gold", "amount" : 6000 }
               ],
               "prerequisite_requirements" :
               [
                  { "tree_id" : "commisar.armour", "requirement_code" : "2" },
                  { "tree_id" : "blacksmith.armour", "requirement_code" : "d" }
               ],
               "prerequisite_resolve_level" : 5
            }
         ]
      },
      {
         "id" : "commisar.strike_the_heretic",
         "is_instanced" : true,
         "tags" : ["combat_skill"],
         "requirements" : 
         [
            {
               "code" : "0",
               "currency_cost" : 
               [
                  { "type" : "gold", "amount" : 1000 }
               ],
               "prerequisite_requirements" :
               [
               ],
               "prerequisite_resolve_level" : 0
            },
            {
               "code" : "1",
               "currency_cost" : 
               [
                  { "type" : "gold", "amount" : 250 }
               ],
               "prerequisite_requirements" :
               [
                  { "tree_id" : "commisar.strike_the_heretic", "requirement_code" : "0" },
                  { "tree_id" : "guild.skill_levels", "requirement_code" : "a" }
               ],
               "prerequisite_resolve_level" : 1
            },
            {
               "code" : "2",
               "currency_cost" : 
               [
                  { "type" : "gold", "amount" : 750 }
               ],
               "prerequisite_requirements" :
               [
                  { "tree_id" : "commisar.strike_the_heretic", "requirement_code" : "1" },
                  { "tree_id" : "guild.skill_levels", "requirement_code" : "b" }
               ],
               "prerequisite_resolve_level" : 2
            },
            {
               "code" : "3",
               "currency_cost" : 
               [
                  { "type" : "gold", "amount" : 1250 }
               ],
               "prerequisite_requirements" :
               [
                  { "tree_id" : "commisar.strike_the_heretic", "requirement_code" : "2" },
                  { "tree_id" : "guild.skill_levels", "requirement_code" : "c" }
               ],
               "prerequisite_resolve_level" : 3
            },
            {
               "code" : "4",
               "currency_cost" : 
               [
                  { "type" : "gold", "amount" : 2500 }
               ],
               "prerequisite_requirements" :
               [
                  { "tree_id" : "commisar.strike_the_heretic", "requirement_code" : "3" },
                  { "tree_id" : "guild.skill_levels", "requirement_code" : "d" }
               ],
               "prerequisite_resolve_level" : 5
            }
         ]
      },
      {
         "id" : "commisar.shoot_the_heretic",
         "is_instanced" : true,
         "tags" : ["combat_skill"],
         "requirements" : 
         [
            {
               "code" : "0",
               "currency_cost" : 
               [
                  { "type" : "gold", "amount" : 1000 }
               ],
               "prerequisite_requirements" :
               [
               ],
               "prerequisite_resolve_level" : 0
            },
            {
               "code" : "1",
               "currency_cost" : 
               [
                  { "type" : "gold", "amount" : 250 }
               ],
               "prerequisite_requirements" :
               [
                  { "tree_id" : "commisar.shoot_the_heretic", "requirement_code" : "0" },
                  { "tree_id" : "guild.skill_levels", "requirement_code" : "a" }
               ],
               "prerequisite_resolve_level" : 1
            },
            {
               "code" : "2",
               "currency_cost" : 
               [
                  { "type" : "gold", "amount" : 750 }
               ],
               "prerequisite_requirements" :
               [
                  { "tree_id" : "commisar.shoot_the_heretic", "requirement_code" : "1" },
                  { "tree_id" : "guild.skill_levels", "requirement_code" : "b" }
               ],
               "prerequisite_resolve_level" : 2
            },
            {
               "code" : "3",
               "currency_cost" : 
               [
                  { "type" : "gold", "amount" : 1250 }
               ],
               "prerequisite_requirements" :
               [
                  { "tree_id" : "commisar.shoot_the_heretic", "requirement_code" : "2" },
                  { "tree_id" : "guild.skill_levels", "requirement_code" : "c" }
               ],
               "prerequisite_resolve_level" : 3
            },
            {
               "code" : "4",
               "currency_cost" : 
               [
                  { "type" : "gold", "amount" : 2500 }
               ],
               "prerequisite_requirements" :
               [
                  { "tree_id" : "commisar.shoot_the_heretic", "requirement_code" : "3" },
                  { "tree_id" : "guild.skill_levels", "requirement_code" : "d" }
               ],
               "prerequisite_resolve_level" : 5
            }
         ]
      },
      {
         "id" : "commisar.take_cover",
         "is_instanced" : true,
         "tags" : ["combat_skill"],
         "requirements" : 
         [
            {
               "code" : "0",
               "currency_cost" : 
               [
                  { "type" : "gold", "amount" : 1000 }
               ],
               "prerequisite_requirements" :
               [
               ],
               "prerequisite_resolve_level" : 0
            },
            {
               "code" : "1",
               "currency_cost" : 
               [
                  { "type" : "gold", "amount" : 250 }
               ],
               "prerequisite_requirements" :
               [
                  { "tree_id" : "commisar.take_cover", "requirement_code" : "0" },
                  { "tree_id" : "guild.skill_levels", "requirement_code" : "a" }
               ],
               "prerequisite_resolve_level" : 1
            },
            {
               "code" : "2",
               "currency_cost" : 
               [
                  { "type" : "gold", "amount" : 750 }
               ],
               "prerequisite_requirements" :
               [
                  { "tree_id" : "commisar.take_cover", "requirement_code" : "1" },
                  { "tree_id" : "guild.skill_levels", "requirement_code" : "b" }
               ],
               "prerequisite_resolve_level" : 2
            },
            {
               "code" : "3",
               "currency_cost" : 
               [
                  { "type" : "gold", "amount" : 1250 }
               ],
               "prerequisite_requirements" :
               [
                  { "tree_id" : "commisar.take_cover", "requirement_code" : "2" },
                  { "tree_id" : "guild.skill_levels", "requirement_code" : "c" }
               ],
               "prerequisite_resolve_level" : 3
            },
            {
               "code" : "4",
               "currency_cost" : 
               [
                  { "type" : "gold", "amount" : 2500 }
               ],
               "prerequisite_requirements" :
               [
                  { "tree_id" : "commisar.take_cover", "requirement_code" : "3" },
                  { "tree_id" : "guild.skill_levels", "requirement_code" : "d" }
               ],
               "prerequisite_resolve_level" : 5
            }
         ]
      },
      {
         "id" : "commisar.warning_shot",
         "is_instanced" : true,
         "tags" : ["combat_skill"],
         "requirements" : 
         [
            {
               "code" : "0",
               "currency_cost" : 
               [
                  { "type" : "gold", "amount" : 1000 }
               ],
               "prerequisite_requirements" :
               [
               ],
               "prerequisite_resolve_level" : 0
            },
            {
               "code" : "1",
               "currency_cost" : 
               [
                  { "type" : "gold", "amount" : 250 }
               ],
               "prerequisite_requirements" :
               [
                  { "tree_id" : "commisar.warning_shot", "requirement_code" : "0" },
                  { "tree_id" : "guild.skill_levels", "requirement_code" : "a" }
               ],
               "prerequisite_resolve_level" : 1
            },
            {
               "code" : "2",
               "currency_cost" : 
               [
                  { "type" : "gold", "amount" : 750 }
               ],
               "prerequisite_requirements" :
               [
                  { "tree_id" : "commisar.warning_shot", "requirement_code" : "1" },
                  { "tree_id" : "guild.skill_levels", "requirement_code" : "b" }
               ],
               "prerequisite_resolve_level" : 2
            },
            {
               "code" : "3",
               "currency_cost" : 
               [
                  { "type" : "gold", "amount" : 1250 }
               ],
               "prerequisite_requirements" :
               [
                  { "tree_id" : "commisar.warning_shot", "requirement_code" : "2" },
                  { "tree_id" : "guild.skill_levels", "requirement_code" : "c" }
               ],
               "prerequisite_resolve_level" : 3
            },
            {
               "code" : "4",
               "currency_cost" : 
               [
                  { "type" : "gold", "amount" : 2500 }
               ],
               "prerequisite_requirements" :
               [
                  { "tree_id" : "commisar.warning_shot", "requirement_code" : "3" },
                  { "tree_id" : "guild.skill_levels", "requirement_code" : "d" }
               ],
               "prerequisite_resolve_level" : 5
            }
         ]
      },
      {
         "id" : "commisar.for_the_emperor",
         "is_instanced" : true,
         "tags" : ["combat_skill"],
         "requirements" : 
         [
            {
               "code" : "0",
               "currency_cost" : 
               [
                  { "type" : "gold", "amount" : 1000 }
               ],
               "prerequisite_requirements" :
               [
               ],
               "prerequisite_resolve_level" : 0
            },
            {
               "code" : "1",
               "currency_cost" : 
               [
                  { "type" : "gold", "amount" : 250 }
               ],
               "prerequisite_requirements" :
               [
                  { "tree_id" : "commisar.for_the_emperor", "requirement_code" : "0" },
                  { "tree_id" : "guild.skill_levels", "requirement_code" : "a" }
               ],
               "prerequisite_resolve_level" : 1
            },
            {
               "code" : "2",
               "currency_cost" : 
               [
                  { "type" : "gold", "amount" : 750 }
               ],
               "prerequisite_requirements" :
               [
                  { "tree_id" : "commisar.for_the_emperor", "requirement_code" : "1" },
                  { "tree_id" : "guild.skill_levels", "requirement_code" : "b" }
               ],
               "prerequisite_resolve_level" : 2
            },
            {
               "code" : "3",
               "currency_cost" : 
               [
                  { "type" : "gold", "amount" : 1250 }
               ],
               "prerequisite_requirements" :
               [
                  { "tree_id" : "commisar.for_the_emperor", "requirement_code" : "2" },
                  { "tree_id" : "guild.skill_levels", "requirement_code" : "c" }
               ],
               "prerequisite_resolve_level" : 3
            },
            {
               "code" : "4",
               "currency_cost" : 
               [
                  { "type" : "gold", "amount" : 2500 }
               ],
               "prerequisite_requirements" :
               [
                  { "tree_id" : "commisar.for_the_emperor", "requirement_code" : "3" },
                  { "tree_id" : "guild.skill_levels", "requirement_code" : "d" }
               ],
               "prerequisite_resolve_level" : 5
            }
         ]
      },
      {
         "id" : "commisar.raise_morale",
         "is_instanced" : true,
         "tags" : ["combat_skill"],
         "requirements" : 
         [
            {
               "code" : "0",
               "currency_cost" : 
               [
                  { "type" : "gold", "amount" : 1000 }
               ],
               "prerequisite_requirements" :
               [
               ],
               "prerequisite_resolve_level" : 0
            },
            {
               "code" : "1",
               "currency_cost" : 
               [
                  { "type" : "gold", "amount" : 250 }
               ],
               "prerequisite_requirements" :
               [
                  { "tree_id" : "commisar.raise_morale", "requirement_code" : "0" },
                  { "tree_id" : "guild.skill_levels", "requirement_code" : "a" }
               ],
               "prerequisite_resolve_level" : 1
            },
            {
               "code" : "2",
               "currency_cost" : 
               [
                  { "type" : "gold", "amount" : 750 }
               ],
               "prerequisite_requirements" :
               [
                  { "tree_id" : "commisar.raise_morale", "requirement_code" : "1" },
                  { "tree_id" : "guild.skill_levels", "requirement_code" : "b" }
               ],
               "prerequisite_resolve_level" : 2
            },
            {
               "code" : "3",
               "currency_cost" : 
               [
                  { "type" : "gold", "amount" : 1250 }
               ],
               "prerequisite_requirements" :
               [
                  { "tree_id" : "commisar.raise_morale", "requirement_code" : "2" },
                  { "tree_id" : "guild.skill_levels", "requirement_code" : "c" }
               ],
               "prerequisite_resolve_level" : 3
            },
            {
               "code" : "4",
               "currency_cost" : 
               [
                  { "type" : "gold", "amount" : 2500 }
               ],
               "prerequisite_requirements" :
               [
                  { "tree_id" : "commisar.raise_morale", "requirement_code" : "3" },
                  { "tree_id" : "guild.skill_levels", "requirement_code" : "d" }
               ],
               "prerequisite_resolve_level" : 5
            }
         ]
      },
      {
         "id" : "commisar.duel",
         "is_instanced" : true,
         "tags" : ["combat_skill"],
         "requirements" : 
         [
            {
               "code" : "0",
               "currency_cost" : 
               [
                  { "type" : "gold", "amount" : 1000 }
               ],
               "prerequisite_requirements" :
               [
               ],
               "prerequisite_resolve_level" : 0
            },
            {
               "code" : "1",
               "currency_cost" : 
               [
                  { "type" : "gold", "amount" : 250 }
               ],
               "prerequisite_requirements" :
               [
                  { "tree_id" : "commisar.duel", "requirement_code" : "0" },
                  { "tree_id" : "guild.skill_levels", "requirement_code" : "a" }
               ],
               "prerequisite_resolve_level" : 1
            },
            {
               "code" : "2",
               "currency_cost" : 
               [
                  { "type" : "gold", "amount" : 750 }
               ],
               "prerequisite_requirements" :
               [
                  { "tree_id" : "commisar.duel", "requirement_code" : "1" },
                  { "tree_id" : "guild.skill_levels", "requirement_code" : "b" }
               ],
               "prerequisite_resolve_level" : 2
            },
            {
               "code" : "3",
               "currency_cost" : 
               [
                  { "type" : "gold", "amount" : 1250 }
               ],
               "prerequisite_requirements" :
               [
                  { "tree_id" : "commisar.duel", "requirement_code" : "2" },
                  { "tree_id" : "guild.skill_levels", "requirement_code" : "c" }
               ],
               "prerequisite_resolve_level" : 3
            },
            {
               "code" : "4",
               "currency_cost" : 
               [
                  { "type" : "gold", "amount" : 2500 }
               ],
               "prerequisite_requirements" :
               [
                  { "tree_id" : "commisar.duel", "requirement_code" : "3" },
                  { "tree_id" : "guild.skill_levels", "requirement_code" : "d" }
               ],
               "prerequisite_resolve_level" : 5
            }
         ]
      }
]
}
