{
    "on_start_town_visit_priority" :  0,

    "requirements":
    {
        "number_of_quests_finished": 0,
        "highest_dungeon_level": 0
    },

	"data" :
	{ 
		"stores" : 
		[
            {
                "id": "hero_recruit",
                "data":
                {
                    "first_hero_classes" : 
                    [
                        "commisar",
                        "vestal"
                    ],            
                    "number_of_recruits_upgrades":
                    [
                        { "amount": 2 },
                        { "amount": 3, "upgrade_tree_id": "stage_coach.numrecruits", "upgrade_requirement_code": "a" },
                        { "amount": 4, "upgrade_tree_id": "stage_coach.numrecruits", "upgrade_requirement_code": "b" },
                        { "amount": 5, "upgrade_tree_id": "stage_coach.numrecruits", "upgrade_requirement_code": "c" },
                        { "amount": 6, "upgrade_tree_id": "stage_coach.numrecruits", "upgrade_requirement_code": "d" },
                        { "amount": 7, "upgrade_tree_id": "stage_coach.numrecruits", "upgrade_requirement_code": "e" }
                    ],
                    "roster_size_upgrades" : 
                    [
                        { "amount" : 9 },
                        { "amount" : 12,     "upgrade_tree_id" :  "stage_coach.rostersize", "upgrade_requirement_code" : "a"  },
                        { "amount" : 16,     "upgrade_tree_id" :  "stage_coach.rostersize", "upgrade_requirement_code" : "b"  },
                        { "amount" : 21,     "upgrade_tree_id" :  "stage_coach.rostersize", "upgrade_requirement_code" : "c"  },
                        { "amount" : 25,     "upgrade_tree_id" :  "stage_coach.rostersize", "upgrade_requirement_code" : "d"  },
                        { "amount" : 30,     "upgrade_tree_id" :  "stage_coach.rostersize", "upgrade_requirement_code" : "e"  }
                    ],
                    "upgraded_recruits_upgrades" :
                    [
                        { "level" : 1, "chance" : 0.250,   "number_of_extra_positive_quirks" : 0, "number_of_extra_negative_quirks" : 0, "number_of_extra_combat_skills" : 0, "number_of_extra_camping_skills": 1, "guaranteed_previous_raid_dead_hero_levels" : [3],
                        "upgrade_tree_id" :  "stage_coach.upgraded_recruits", "upgrade_requirement_code" : "a"  },
                        { "level" : 2, "chance" : 0.1875,    "number_of_extra_positive_quirks" : 1, "number_of_extra_negative_quirks" : 1, "number_of_extra_combat_skills" : 1, "number_of_extra_camping_skills": 1, "guaranteed_previous_raid_dead_hero_levels" : [4],
                        "upgrade_tree_id" :  "stage_coach.upgraded_recruits", "upgrade_requirement_code" : "b"  },
                        { "level" : 3, "chance" : 0.125,   "number_of_extra_positive_quirks" : 2, "number_of_extra_negative_quirks" : 2, "number_of_extra_combat_skills" : 2, "number_of_extra_camping_skills": 2, "guaranteed_previous_raid_dead_hero_levels" : [5,6],
                        "upgrade_tree_id" :  "stage_coach.upgraded_recruits", "upgrade_requirement_code" : "c"  },
                        { "level" : 4, "chance" : 0.0625,   "number_of_extra_positive_quirks" : 2, "number_of_extra_negative_quirks" : 2, "number_of_extra_combat_skills" : 2, "number_of_extra_camping_skills": 2, "guaranteed_previous_raid_dead_hero_levels" : [5,6],
                        "upgrade_tree_id" :  "stage_coach.upgraded_recruits", "upgrade_requirement_code" : "d"  }                      
                    ]				
                }
            }
        ]
	}
}