{
    "event_guid_overrides":
    [
        {"event_id": "event:/char/ally/commisar_raise_morale",                   "guid_override":"{4db8f822-43a6-40c5-9699-157b8b1a0504}"},
        {"event_id": "event:/char/ally/commisar_raise_morale_miss",                   "guid_override":"{4db8f822-43a6-40c5-9699-157b8b1a0504}"},

        {"event_id": "event:/char/ally/commisar_duel",                   "guid_override":"{4807b45a-db0c-4f9e-8920-016dbd2ec3a0}"},
        {"event_id": "event:/char/ally/commisar_duel_miss",                   "guid_override":"{5c695421-0b48-47d9-95d0-bc4630052364}"},
		
		{"event_id": "event:/char/ally/commisar_shoot_the_heretic",                   "guid_override":"{f6586596-8e44-43a7-9e03-0d55f58d4d3a}"},
        {"event_id": "event:/char/ally/commisar_shoot_the_heretic_miss",                   "guid_override":"{4ea12b6d-43ab-4bb8-9f91-38b28d5fb54b}"},
	
		{"event_id": "event:/char/ally/commisar_strike_the_heretic",                   "guid_override":"{dee09a20-80e8-4461-bbbb-b60699cf604c}"},
        {"event_id": "event:/char/ally/commisar_strike_the_heretic_miss",                   "guid_override":"{edffd8a2-2ad3-4876-b8bb-ad0b0db38412}"},
		
		{"event_id": "event:/char/ally/commisar_for_the_emperor",                   "guid_override":"{98925d5d-85aa-4d37-8707-4ff1056f1ca4}"},
        {"event_id": "event:/char/ally/commisar_for_the_emperor_miss",                   "guid_override":"{98925d5d-85aa-4d37-8707-4ff1056f1ca4}"},
		
		{"event_id": "event:/char/ally/commisar_riposte_commisar",                   "guid_override":"{4807b45a-db0c-4f9e-8920-016dbd2ec3a0}"},
		{"event_id": "event:/char/ally/commisar_riposte_commisar_miss",                   "guid_override":"{5c695421-0b48-47d9-95d0-bc4630052364}"},
		
		{"event_id": "event:/char/ally/commisar_take_cover",                   "guid_override":"{2c04f177-ea96-4b32-9afc-b82e2351262a}"},
		{"event_id": "event:/char/ally/commisar_take_cover_miss",                   "guid_override":"{2248cebf-3737-42ce-a3ee-40125b7156f5}"},
		
		{"event_id": "event:/char/ally/commisar_warning_shot",                   "guid_override":"{27622001-f911-46a7-b3e1-a83ddea9cb23}"},
		{"event_id": "event:/char/ally/commisar_warning_shot_miss",                   "guid_override":"{eaa93133-f63d-47c8-94d5-b487d70ee30c}"}
		
		
    ]
}

